<?xml version="1.0" encoding="UTF-8"?>
<!DOCTYPE MudletPackage>
<MudletPackage version="1.001">
	<TriggerPackage>
		<TriggerGroup isActive="yes" isFolder="yes" isTempTrigger="no" isMultiline="no" isPerlSlashGOption="no" isColorizerTrigger="no" isFilterTrigger="no" isSoundTrigger="no" isColorTrigger="no" isColorTriggerFg="no" isColorTriggerBg="no">
			<name>Balance Timers</name>
			<script></script>
			<triggerType>0</triggerType>
			<conditonLineDelta>0</conditonLineDelta>
			<mStayOpen>0</mStayOpen>
			<mCommand></mCommand>
			<packageName></packageName>
			<mFgColor>#ff0000</mFgColor>
			<mBgColor>#ffff00</mBgColor>
			<mSoundFile></mSoundFile>
			<colorTriggerFgColor>#000000</colorTriggerFgColor>
			<colorTriggerBgColor>#000000</colorTriggerBgColor>
			<regexCodeList />
			<regexCodePropertyList />
			<Trigger isActive="yes" isFolder="no" isTempTrigger="no" isMultiline="no" isPerlSlashGOption="no" isColorizerTrigger="no" isFilterTrigger="no" isSoundTrigger="no" isColorTrigger="no" isColorTriggerFg="no" isColorTriggerBg="no">
				<name>Recovered limb balance</name>
				<script>baltimers.recovered(matches[2].."_"..matches[3])</script>
				<triggerType>0</triggerType>
				<conditonLineDelta>0</conditonLineDelta>
				<mStayOpen>0</mStayOpen>
				<mCommand></mCommand>
				<packageName></packageName>
				<mFgColor>#ff0000</mFgColor>
				<mBgColor>#ffff00</mBgColor>
				<mSoundFile></mSoundFile>
				<colorTriggerFgColor>#000000</colorTriggerFgColor>
				<colorTriggerBgColor>#000000</colorTriggerBgColor>
				<regexCodeList>
					<string>^You have recovered balance on your (right|left) (arm|leg)\.$</string>
				</regexCodeList>
				<regexCodePropertyList>
					<integer>1</integer>
				</regexCodePropertyList>
			</Trigger>
			<Trigger isActive="yes" isFolder="no" isTempTrigger="no" isMultiline="no" isPerlSlashGOption="no" isColorizerTrigger="no" isFilterTrigger="no" isSoundTrigger="no" isColorTrigger="no" isColorTriggerFg="no" isColorTriggerBg="no">
				<name>Recovered full balance</name>
				<script>baltimers.recovered("balance")</script>
				<triggerType>0</triggerType>
				<conditonLineDelta>0</conditonLineDelta>
				<mStayOpen>0</mStayOpen>
				<mCommand></mCommand>
				<packageName></packageName>
				<mFgColor>#ff0000</mFgColor>
				<mBgColor>#ffff00</mBgColor>
				<mSoundFile></mSoundFile>
				<colorTriggerFgColor>#000000</colorTriggerFgColor>
				<colorTriggerBgColor>#000000</colorTriggerBgColor>
				<regexCodeList>
					<string>You have recovered balance on all limbs.</string>
				</regexCodeList>
				<regexCodePropertyList>
					<integer>3</integer>
				</regexCodePropertyList>
			</Trigger>
			<Trigger isActive="yes" isFolder="no" isTempTrigger="no" isMultiline="no" isPerlSlashGOption="no" isColorizerTrigger="no" isFilterTrigger="no" isSoundTrigger="no" isColorTrigger="no" isColorTriggerFg="no" isColorTriggerBg="no">
				<name>Recovered equilibrium</name>
				<script>baltimers.recovered("equilibrium")</script>
				<triggerType>0</triggerType>
				<conditonLineDelta>0</conditonLineDelta>
				<mStayOpen>0</mStayOpen>
				<mCommand></mCommand>
				<packageName></packageName>
				<mFgColor>#ff0000</mFgColor>
				<mBgColor>#ffff00</mBgColor>
				<mSoundFile></mSoundFile>
				<colorTriggerFgColor>#000000</colorTriggerFgColor>
				<colorTriggerBgColor>#000000</colorTriggerBgColor>
				<regexCodeList>
					<string>You have recovered equilibrium.</string>
				</regexCodeList>
				<regexCodePropertyList>
					<integer>3</integer>
				</regexCodePropertyList>
			</Trigger>
		</TriggerGroup>
	</TriggerPackage>
	<TimerPackage />
	<AliasPackage />
	<ActionPackage />
	<ScriptPackage>
		<ScriptGroup isActive="yes" isFolder="yes">
			<name>Balance Timers</name>
			<packageName></packageName>
			<script></script>
			<eventHandlerList />
			<Script isActive="yes" isFolder="no">
				<name>Balance timers scripty script</name>
				<packageName></packageName>
				<script>baltimers = baltimers or {}
baltimers.valid = {"balance", "equilibrium", "left_leg", "right_leg", "left_arm", "right_arm"}
baltimers.old = baltimers.old or {}
baltimers.stamps = baltimers.stamps or {}
baltimers.handler = baltimers.handler

function baltimers.recovered(balance)
cecho(" &lt;ansi_032&gt;(&lt;ansi_073&gt;"..(math.floor((os.clock()-baltimers.stamps[balance])*100)/100) .."&lt;ansi_032&gt;)")
end

function baltimers.checkForLostBals()
  for _, balance in pairs(baltimers.valid) do
    local boolified = gmcp.Char.Vitals[balance] == "1"
    if baltimers.old[balance] and not boolified then
      baltimers.stamps[balance] = os.clock()
    end
    baltimers.old[balance] = boolified
  end
end

if baltimers.handler then
  killAnonymousEventHandler(baltimers.handler)
end
baltimers.handler = registerAnonymousEventHandler("gmcp.Char.Vitals", "baltimers.checkForLostBals")</script>
				<eventHandlerList />
			</Script>
		</ScriptGroup>
	</ScriptPackage>
	<KeyPackage />
	<VariablePackage>
		<HiddenVariables />
		<Variable>
			<name>month</name>
			<keyType>4</keyType>
			<value></value>
			<valueType>4</valueType>
		</Variable>
		<Variable>
			<name>date</name>
			<keyType>4</keyType>
			<value></value>
			<valueType>4</valueType>
		</Variable>
	</VariablePackage>
</MudletPackage>
